{"cameraMode":{"drawMode":0,"name":"Shaded","section":"Shading Mode"},"sceneLighting":true,"audioPlay":false,"sceneViewState":{"showFog":true,"showMaterialUpdate":true,"showSkybox":true,"showFlares":true,"showImageEffects":true,"showParticleSystems":true},"in2DMode":false,"pivot":{"x":7.078246593475342,"y":-0.7619524002075195,"z":4.144062042236328},"rotation":{"x":0.17281265556812287,"y":0.08851712942123413,"z":-0.015594493597745896,"w":0.9808452129364014},"size":31.524173736572267,"orthographic":false}