{"cameraMode":{"drawMode":0,"name":"Shaded","section":"Shading Mode"},"sceneLighting":false,"audioPlay":false,"sceneViewState":{"showFog":true,"showMaterialUpdate":false,"showSkybox":false,"showFlares":true,"showImageEffects":true,"showParticleSystems":true},"in2DMode":false,"pivot":{"x":2.351506233215332,"y":0.603734016418457,"z":-0.40380859375},"rotation":{"x":0.15725718438625337,"y":0.07694655656814575,"z":-0.012290896847844124,"w":0.9844787120819092},"size":23.87427520751953,"orthographic":false}