{"cameraMode":{"drawMode":0,"name":"Shaded","section":"Shading Mode"},"sceneLighting":false,"audioPlay":false,"sceneViewState":{"showFog":true,"showMaterialUpdate":false,"showSkybox":false,"showFlares":true,"showImageEffects":true,"showParticleSystems":true},"in2DMode":false,"pivot":{"x":-8.612079620361329,"y":-0.0171719491481781,"z":0.0},"rotation":{"x":0.052048712968826297,"y":0.6917999386787415,"z":-0.050104182213544849,"w":0.7184659838676453},"size":2.2590484619140627,"orthographic":false}