{"cameraMode":{"drawMode":0,"name":"Shaded","section":"Shading Mode"},"sceneLighting":false,"audioPlay":false,"sceneViewState":{"showFog":true,"showMaterialUpdate":true,"showSkybox":false,"showFlares":true,"showImageEffects":true,"showParticleSystems":true},"in2DMode":false,"pivot":{"x":-15.0,"y":6.161396026611328,"z":0.043630361557006839},"rotation":{"x":0.049173690378665927,"y":-0.5692758560180664,"z":0.034136995673179629,"w":0.8199643492698669},"size":16.433574676513673,"orthographic":false}